{
    "src_folders" : ["./test/e2e"],
    "end_session_on_fail": false,
    "test_settings" : {
        "chrome" : {
            "screenshots": {
                "enabled": true,
                "on_failure": true,
                "on_error": true,
                "path": "./test/reports"
            },
            "silent": "true",
            "desiredCapabilities": {
                "browserName": "chrome",
                "javascriptEnabled": true,
                "acceptSslCerts": true
            }
        }
    }
}
